"","Nazwa","Typ","Regon","WK","PK","GK","GT","PT","id","Rok","TypOkresu","Okres","Dzial","Rozdzial","Paragraf","P4","PL","ZA","WW"
"0","SZKOŁA PODSTAWOWA NR 5 IM. HENRYKA SIENKIEWICZA","JB","000903297     ","10","02","01","1","0","Rb28s_51a97e8036a643d9890bfe8bf45db98b","2023","Kwartal","2","801","80101","302","0","11420.00","5439.95","5439.95"
"1","SZKOŁA PODSTAWOWA NR 5 IM. HENRYKA SIENKIEWICZA","JB","000903297     ","10","02","01","1","0","Rb28s_51a97e8036a643d9890bfe8bf45db98b","2023","Kwartal","2","801","80101","401","0","663000.00","663000.00","285814.07"
"2","SZKOŁA PODSTAWOWA NR 5 IM. HENRYKA SIENKIEWICZA","JB","000903297     ","10","02","01","1","0","Rb28s_51a97e8036a643d9890bfe8bf45db98b","2023","Kwartal","2","801","80101","404","0","58000.00","41125.90","41125.90"
"3","SZKOŁA PODSTAWOWA NR 5 IM. HENRYKA SIENKIEWICZA","JB","000903297     ","10","02","01","1","0","Rb28s_51a97e8036a643d9890bfe8bf45db98b","2023","Kwartal","2","801","80101","411","0","459320.00","459320.00","224485.67"
"4","SZKOŁA PODSTAWOWA NR 5 IM. HENRYKA SIENKIEWICZA","JB","000903297     ","10","02","01","1","0","Rb28s_51a97e8036a643d9890bfe8bf45db98b","2023","Kwartal","2","801","80101","412","0","62196.00","62196.00","23635.61"
"5","SZKOŁA PODSTAWOWA NR 5 IM. HENRYKA SIENKIEWICZA","JB","000903297     ","10","02","01","1","0","Rb28s_51a97e8036a643d9890bfe8bf45db98b","2023","Kwartal","2","801","80101","417","0","25000.00","25000.00","23034.60"
"6","SZKOŁA PODSTAWOWA NR 5 IM. HENRYKA SIENKIEWICZA","JB","000903297     ","10","02","01","1","0","Rb28s_51a97e8036a643d9890bfe8bf45db98b","2023","Kwartal","2","801","80101","421","0","59595.00","37416.65","36744.60"
"7","SZKOŁA PODSTAWOWA NR 5 IM. HENRYKA SIENKIEWICZA","JB","000903297     ","10","02","01","1","0","Rb28s_51a97e8036a643d9890bfe8bf45db98b","2023","Kwartal","2","801","80101","424","0","20362.00","1527.90","1527.90"
"8","SZKOŁA PODSTAWOWA NR 5 IM. HENRYKA SIENKIEWICZA","JB","000903297     ","10","02","01","1","0","Rb28s_51a97e8036a643d9890bfe8bf45db98b","2023","Kwartal","2","801","80101","426","0","161700.00","78620.68","78238.08"
"9","SZKOŁA PODSTAWOWA NR 5 IM. HENRYKA SIENKIEWICZA","JB","000903297     ","10","02","01","1","0","Rb28s_51a97e8036a643d9890bfe8bf45db98b","2023","Kwartal","2","801","80101","427","0","21120.00","",""
"10","SZKOŁA PODSTAWOWA NR 5 IM. HENRYKA SIENKIEWICZA","JB","000903297     ","10","02","01","1","0","Rb28s_51a97e8036a643d9890bfe8bf45db98b","2023","Kwartal","2","801","80101","428","0","10780.00","420.00","420.00"
"11","SZKOŁA PODSTAWOWA NR 5 IM. HENRYKA SIENKIEWICZA","JB","000903297     ","10","02","01","1","0","Rb28s_51a97e8036a643d9890bfe8bf45db98b","2023","Kwartal","2","801","80101","430","0","46510.00","36174.83","35325.64"
"12","SZKOŁA PODSTAWOWA NR 5 IM. HENRYKA SIENKIEWICZA","JB","000903297     ","10","02","01","1","0","Rb28s_51a97e8036a643d9890bfe8bf45db98b","2023","Kwartal","2","801","80101","436","0","5390.00","1127.07","1127.07"
"13","SZKOŁA PODSTAWOWA NR 5 IM. HENRYKA SIENKIEWICZA","JB","000903297     ","10","02","01","1","0","Rb28s_51a97e8036a643d9890bfe8bf45db98b","2023","Kwartal","2","801","80101","441","0","2150.00","",""
"14","SZKOŁA PODSTAWOWA NR 5 IM. HENRYKA SIENKIEWICZA","JB","000903297     ","10","02","01","1","0","Rb28s_51a97e8036a643d9890bfe8bf45db98b","2023","Kwartal","2","801","80101","444","0","187057.00","187057.00","150263.00"
"15","SZKOŁA PODSTAWOWA NR 5 IM. HENRYKA SIENKIEWICZA","JB","000903297     ","10","02","01","1","0","Rb28s_51a97e8036a643d9890bfe8bf45db98b","2023","Kwartal","2","801","80101","470","0","4300.00","2769.47","2769.47"
"16","SZKOŁA PODSTAWOWA NR 5 IM. HENRYKA SIENKIEWICZA","JB","000903297     ","10","02","01","1","0","Rb28s_51a97e8036a643d9890bfe8bf45db98b","2023","Kwartal","2","801","80101","471","0","50000.00","50000.00","15.17"
"17","SZKOŁA PODSTAWOWA NR 5 IM. HENRYKA SIENKIEWICZA","JB","000903297     ","10","02","01","1","0","Rb28s_51a97e8036a643d9890bfe8bf45db98b","2023","Kwartal","2","801","80101","479","0","1884207.00","1884207.00","937228.21"
"18","SZKOŁA PODSTAWOWA NR 5 IM. HENRYKA SIENKIEWICZA","JB","000903297     ","10","02","01","1","0","Rb28s_51a97e8036a643d9890bfe8bf45db98b","2023","Kwartal","2","801","80101","480","0","159800.00","138121.47","138121.47"
"19","SZKOŁA PODSTAWOWA NR 5 IM. HENRYKA SIENKIEWICZA","JB","000903297     ","10","02","01","1","0","Rb28s_51a97e8036a643d9890bfe8bf45db98b","2023","Kwartal","2","801","80107","411","0","20300.00","20300.00","13904.65"
"20","SZKOŁA PODSTAWOWA NR 5 IM. HENRYKA SIENKIEWICZA","JB","000903297     ","10","02","01","1","0","Rb28s_51a97e8036a643d9890bfe8bf45db98b","2023","Kwartal","2","801","80107","412","0","3200.00","3200.00","1203.45"
"21","SZKOŁA PODSTAWOWA NR 5 IM. HENRYKA SIENKIEWICZA","JB","000903297     ","10","02","01","1","0","Rb28s_51a97e8036a643d9890bfe8bf45db98b","2023","Kwartal","2","801","80107","421","0","5550.00","30.00","30.00"
"22","SZKOŁA PODSTAWOWA NR 5 IM. HENRYKA SIENKIEWICZA","JB","000903297     ","10","02","01","1","0","Rb28s_51a97e8036a643d9890bfe8bf45db98b","2023","Kwartal","2","801","80107","444","0","7972.00","7972.00","6737.00"
"23","SZKOŁA PODSTAWOWA NR 5 IM. HENRYKA SIENKIEWICZA","JB","000903297     ","10","02","01","1","0","Rb28s_51a97e8036a643d9890bfe8bf45db98b","2023","Kwartal","2","801","80107","471","0","100.00","100.00",""
"24","SZKOŁA PODSTAWOWA NR 5 IM. HENRYKA SIENKIEWICZA","JB","000903297     ","10","02","01","1","0","Rb28s_51a97e8036a643d9890bfe8bf45db98b","2023","Kwartal","2","801","80107","479","0","120000.00","120000.00","79546.07"
"25","SZKOŁA PODSTAWOWA NR 5 IM. HENRYKA SIENKIEWICZA","JB","000903297     ","10","02","01","1","0","Rb28s_51a97e8036a643d9890bfe8bf45db98b","2023","Kwartal","2","801","80107","480","0","10200.00","4778.10","4778.10"
"26","SZKOŁA PODSTAWOWA NR 5 IM. HENRYKA SIENKIEWICZA","JB","000903297     ","10","02","01","1","0","Rb28s_51a97e8036a643d9890bfe8bf45db98b","2023","Kwartal","2","801","80146","430","0","4479.00","",""
"27","SZKOŁA PODSTAWOWA NR 5 IM. HENRYKA SIENKIEWICZA","JB","000903297     ","10","02","01","1","0","Rb28s_51a97e8036a643d9890bfe8bf45db98b","2023","Kwartal","2","801","80146","470","0","7465.00","2767.00","2767.00"
"28","SZKOŁA PODSTAWOWA NR 5 IM. HENRYKA SIENKIEWICZA","JB","000903297     ","10","02","01","1","0","Rb28s_51a97e8036a643d9890bfe8bf45db98b","2023","Kwartal","2","801","80148","302","0","3340.00","",""
"29","SZKOŁA PODSTAWOWA NR 5 IM. HENRYKA SIENKIEWICZA","JB","000903297     ","10","02","01","1","0","Rb28s_51a97e8036a643d9890bfe8bf45db98b","2023","Kwartal","2","801","80148","401","0","192000.00","192000.00","97497.95"
"30","SZKOŁA PODSTAWOWA NR 5 IM. HENRYKA SIENKIEWICZA","JB","000903297     ","10","02","01","1","0","Rb28s_51a97e8036a643d9890bfe8bf45db98b","2023","Kwartal","2","801","80148","404","0","17600.00","14153.56","14153.56"
"31","SZKOŁA PODSTAWOWA NR 5 IM. HENRYKA SIENKIEWICZA","JB","000903297     ","10","02","01","1","0","Rb28s_51a97e8036a643d9890bfe8bf45db98b","2023","Kwartal","2","801","80148","411","0","30500.00","30500.00","19389.50"
"32","SZKOŁA PODSTAWOWA NR 5 IM. HENRYKA SIENKIEWICZA","JB","000903297     ","10","02","01","1","0","Rb28s_51a97e8036a643d9890bfe8bf45db98b","2023","Kwartal","2","801","80148","412","0","6000.00","6000.00","1682.51"
"33","SZKOŁA PODSTAWOWA NR 5 IM. HENRYKA SIENKIEWICZA","JB","000903297     ","10","02","01","1","0","Rb28s_51a97e8036a643d9890bfe8bf45db98b","2023","Kwartal","2","801","80148","421","0","2000.00","1501.25","1501.25"
"34","SZKOŁA PODSTAWOWA NR 5 IM. HENRYKA SIENKIEWICZA","JB","000903297     ","10","02","01","1","0","Rb28s_51a97e8036a643d9890bfe8bf45db98b","2023","Kwartal","2","801","80148","422","0","120000.00","93721.08","93721.08"
"35","SZKOŁA PODSTAWOWA NR 5 IM. HENRYKA SIENKIEWICZA","JB","000903297     ","10","02","01","1","0","Rb28s_51a97e8036a643d9890bfe8bf45db98b","2023","Kwartal","2","801","80148","444","0","6652.00","6652.00","5000.00"
"36","SZKOŁA PODSTAWOWA NR 5 IM. HENRYKA SIENKIEWICZA","JB","000903297     ","10","02","01","1","0","Rb28s_51a97e8036a643d9890bfe8bf45db98b","2023","Kwartal","2","801","80148","471","0","4000.00","4000.00",""
"37","SZKOŁA PODSTAWOWA NR 5 IM. HENRYKA SIENKIEWICZA","JB","000903297     ","10","02","01","1","0","Rb28s_51a97e8036a643d9890bfe8bf45db98b","2023","Kwartal","2","854","85416","324","0","4960.00","4960.00","4960.00"
"38","SZKOŁA PODSTAWOWA NR 4 IM. MIKOŁAJA KOPERNIKA W KUTNIE","JB","000903305     ","10","02","01","1","0","Rb28s_da3f777e969a4a05814668d5072b6f77","2023","Kwartal","2","801","80101","302","0","5545.00","2751.00","2751.00"
"39","SZKOŁA PODSTAWOWA NR 4 IM. MIKOŁAJA KOPERNIKA W KUTNIE","JB","000903305     ","10","02","01","1","0","Rb28s_da3f777e969a4a05814668d5072b6f77","2023","Kwartal","2","801","80101","401","0","581373.00","581373.00","216294.29"
"40","SZKOŁA PODSTAWOWA NR 4 IM. MIKOŁAJA KOPERNIKA W KUTNIE","JB","000903305     ","10","02","01","1","0","Rb28s_da3f777e969a4a05814668d5072b6f77","2023","Kwartal","2","801","80101","404","0","40611.00","36970.91","36970.91"
"41","SZKOŁA PODSTAWOWA NR 4 IM. MIKOŁAJA KOPERNIKA W KUTNIE","JB","000903305     ","10","02","01","1","0","Rb28s_da3f777e969a4a05814668d5072b6f77","2023","Kwartal","2","801","80101","411","0","418133.00","418133.00","178302.69"
"42","SZKOŁA PODSTAWOWA NR 4 IM. MIKOŁAJA KOPERNIKA W KUTNIE","JB","000903305     ","10","02","01","1","0","Rb28s_da3f777e969a4a05814668d5072b6f77","2023","Kwartal","2","801","80101","412","0","55669.00","55669.00","18423.99"
"43","SZKOŁA PODSTAWOWA NR 4 IM. MIKOŁAJA KOPERNIKA W KUTNIE","JB","000903305     ","10","02","01","1","0","Rb28s_da3f777e969a4a05814668d5072b6f77","2023","Kwartal","2","801","80101","414","0","5748.00","2931.00","2931.00"
"44","SZKOŁA PODSTAWOWA NR 4 IM. MIKOŁAJA KOPERNIKA W KUTNIE","JB","000903305     ","10","02","01","1","0","Rb28s_da3f777e969a4a05814668d5072b6f77","2023","Kwartal","2","801","80101","417","0","5000.00","5000.00",""
"45","SZKOŁA PODSTAWOWA NR 4 IM. MIKOŁAJA KOPERNIKA W KUTNIE","JB","000903305     ","10","02","01","1","0","Rb28s_da3f777e969a4a05814668d5072b6f77","2023","Kwartal","2","801","80101","421","0","36687.00","16505.56","16505.56"
"46","SZKOŁA PODSTAWOWA NR 4 IM. MIKOŁAJA KOPERNIKA W KUTNIE","JB","000903305     ","10","02","01","1","0","Rb28s_da3f777e969a4a05814668d5072b6f77","2023","Kwartal","2","801","80101","424","0","4101.00","386.83","386.83"
"47","SZKOŁA PODSTAWOWA NR 4 IM. MIKOŁAJA KOPERNIKA W KUTNIE","JB","000903305     ","10","02","01","1","0","Rb28s_da3f777e969a4a05814668d5072b6f77","2023","Kwartal","2","801","80101","426","0","183303.00","108122.38","108122.38"
"48","SZKOŁA PODSTAWOWA NR 4 IM. MIKOŁAJA KOPERNIKA W KUTNIE","JB","000903305     ","10","02","01","1","0","Rb28s_da3f777e969a4a05814668d5072b6f77","2023","Kwartal","2","801","80101","427","0","13142.00","4700.00","4700.00"
"49","SZKOŁA PODSTAWOWA NR 4 IM. MIKOŁAJA KOPERNIKA W KUTNIE","JB","000903305     ","10","02","01","1","0","Rb28s_da3f777e969a4a05814668d5072b6f77","2023","Kwartal","2","801","80101","428","0","1574.00","890.00","890.00"
"50","SZKOŁA PODSTAWOWA NR 4 IM. MIKOŁAJA KOPERNIKA W KUTNIE","JB","000903305     ","10","02","01","1","0","Rb28s_da3f777e969a4a05814668d5072b6f77","2023","Kwartal","2","801","80101","430","0","43839.00","32325.12","30273.60"
"51","SZKOŁA PODSTAWOWA NR 4 IM. MIKOŁAJA KOPERNIKA W KUTNIE","JB","000903305     ","10","02","01","1","0","Rb28s_da3f777e969a4a05814668d5072b6f77","2023","Kwartal","2","801","80101","436","0","5725.00","1747.23","1747.23"
"52","SZKOŁA PODSTAWOWA NR 4 IM. MIKOŁAJA KOPERNIKA W KUTNIE","JB","000903305     ","10","02","01","1","0","Rb28s_da3f777e969a4a05814668d5072b6f77","2023","Kwartal","2","801","80101","441","0","1352.00","110.40","110.40"
"53","SZKOŁA PODSTAWOWA NR 4 IM. MIKOŁAJA KOPERNIKA W KUTNIE","JB","000903305     ","10","02","01","1","0","Rb28s_da3f777e969a4a05814668d5072b6f77","2023","Kwartal","2","801","80101","444","0","153654.00","153654.00","116513.42"
"54","SZKOŁA PODSTAWOWA NR 4 IM. MIKOŁAJA KOPERNIKA W KUTNIE","JB","000903305     ","10","02","01","1","0","Rb28s_da3f777e969a4a05814668d5072b6f77","2023","Kwartal","2","801","80101","470","0","1729.00","400.00","400.00"
"55","SZKOŁA PODSTAWOWA NR 4 IM. MIKOŁAJA KOPERNIKA W KUTNIE","JB","000903305     ","10","02","01","1","0","Rb28s_da3f777e969a4a05814668d5072b6f77","2023","Kwartal","2","801","80101","471","0","31986.00","31986.00","637.96"
"56","SZKOŁA PODSTAWOWA NR 4 IM. MIKOŁAJA KOPERNIKA W KUTNIE","JB","000903305     ","10","02","01","1","0","Rb28s_da3f777e969a4a05814668d5072b6f77","2023","Kwartal","2","801","80101","479","0","1663551.00","1663551.00","696953.91"
"57","SZKOŁA PODSTAWOWA NR 4 IM. MIKOŁAJA KOPERNIKA W KUTNIE","JB","000903305     ","10","02","01","1","0","Rb28s_da3f777e969a4a05814668d5072b6f77","2023","Kwartal","2","801","80101","480","0","132371.00","128099.93","128099.93"
"58","SZKOŁA PODSTAWOWA NR 4 IM. MIKOŁAJA KOPERNIKA W KUTNIE","JB","000903305     ","10","02","01","1","0","Rb28s_da3f777e969a4a05814668d5072b6f77","2023","Kwartal","2","801","80107","411","0","28854.00","28854.00","13409.46"
"59","SZKOŁA PODSTAWOWA NR 4 IM. MIKOŁAJA KOPERNIKA W KUTNIE","JB","000903305     ","10","02","01","1","0","Rb28s_da3f777e969a4a05814668d5072b6f77","2023","Kwartal","2","801","80107","412","0","3428.00","3428.00","199.29"
"60","SZKOŁA PODSTAWOWA NR 4 IM. MIKOŁAJA KOPERNIKA W KUTNIE","JB","000903305     ","10","02","01","1","0","Rb28s_da3f777e969a4a05814668d5072b6f77","2023","Kwartal","2","801","80107","444","0","7872.00","7872.00","5903.90"
"61","SZKOŁA PODSTAWOWA NR 4 IM. MIKOŁAJA KOPERNIKA W KUTNIE","JB","000903305     ","10","02","01","1","0","Rb28s_da3f777e969a4a05814668d5072b6f77","2023","Kwartal","2","801","80107","471","0","900.00","900.00","436.27"
"62","SZKOŁA PODSTAWOWA NR 4 IM. MIKOŁAJA KOPERNIKA W KUTNIE","JB","000903305     ","10","02","01","1","0","Rb28s_da3f777e969a4a05814668d5072b6f77","2023","Kwartal","2","801","80107","479","0","161794.00","161794.00","61383.63"
"63","SZKOŁA PODSTAWOWA NR 4 IM. MIKOŁAJA KOPERNIKA W KUTNIE","JB","000903305     ","10","02","01","1","0","Rb28s_da3f777e969a4a05814668d5072b6f77","2023","Kwartal","2","801","80107","480","0","10992.00","10391.10","10391.10"
"64","SZKOŁA PODSTAWOWA NR 4 IM. MIKOŁAJA KOPERNIKA W KUTNIE","JB","000903305     ","10","02","01","1","0","Rb28s_da3f777e969a4a05814668d5072b6f77","2023","Kwartal","2","801","80146","430","0","3808.00","",""
"65","SZKOŁA PODSTAWOWA NR 4 IM. MIKOŁAJA KOPERNIKA W KUTNIE","JB","000903305     ","10","02","01","1","0","Rb28s_da3f777e969a4a05814668d5072b6f77","2023","Kwartal","2","801","80146","470","0","6347.00","4269.20","4269.20"
"66","SZKOŁA PODSTAWOWA NR 4 IM. MIKOŁAJA KOPERNIKA W KUTNIE","JB","000903305     ","10","02","01","1","0","Rb28s_da3f777e969a4a05814668d5072b6f77","2023","Kwartal","2","801","80148","302","0","665.00","",""
"67","SZKOŁA PODSTAWOWA NR 4 IM. MIKOŁAJA KOPERNIKA W KUTNIE","JB","000903305     ","10","02","01","1","0","Rb28s_da3f777e969a4a05814668d5072b6f77","2023","Kwartal","2","801","80148","401","0","161515.00","161515.00","60057.21"
"68","SZKOŁA PODSTAWOWA NR 4 IM. MIKOŁAJA KOPERNIKA W KUTNIE","JB","000903305     ","10","02","01","1","0","Rb28s_da3f777e969a4a05814668d5072b6f77","2023","Kwartal","2","801","80148","404","0","11529.00","11229.83","11229.83"
"69","SZKOŁA PODSTAWOWA NR 4 IM. MIKOŁAJA KOPERNIKA W KUTNIE","JB","000903305     ","10","02","01","1","0","Rb28s_da3f777e969a4a05814668d5072b6f77","2023","Kwartal","2","801","80148","411","0","26102.00","26102.00","11390.66"
"70","SZKOŁA PODSTAWOWA NR 4 IM. MIKOŁAJA KOPERNIKA W KUTNIE","JB","000903305     ","10","02","01","1","0","Rb28s_da3f777e969a4a05814668d5072b6f77","2023","Kwartal","2","801","80148","412","0","4456.00","4456.00","1631.96"
"71","SZKOŁA PODSTAWOWA NR 4 IM. MIKOŁAJA KOPERNIKA W KUTNIE","JB","000903305     ","10","02","01","1","0","Rb28s_da3f777e969a4a05814668d5072b6f77","2023","Kwartal","2","801","80148","422","0","113000.00","57873.53","57873.53"
"72","SZKOŁA PODSTAWOWA NR 4 IM. MIKOŁAJA KOPERNIKA W KUTNIE","JB","000903305     ","10","02","01","1","0","Rb28s_da3f777e969a4a05814668d5072b6f77","2023","Kwartal","2","801","80148","428","0","244.00","50.00","50.00"
"73","SZKOŁA PODSTAWOWA NR 4 IM. MIKOŁAJA KOPERNIKA W KUTNIE","JB","000903305     ","10","02","01","1","0","Rb28s_da3f777e969a4a05814668d5072b6f77","2023","Kwartal","2","801","80148","444","0","4989.00","4989.00","3741.68"
"74","SZKOŁA PODSTAWOWA NR 4 IM. MIKOŁAJA KOPERNIKA W KUTNIE","JB","000903305     ","10","02","01","1","0","Rb28s_da3f777e969a4a05814668d5072b6f77","2023","Kwartal","2","801","80148","471","0","2556.00","2556.00",""
"75","SZKOŁA PODSTAWOWA NR 4 IM. MIKOŁAJA KOPERNIKA W KUTNIE","JB","000903305     ","10","02","01","1","0","Rb28s_da3f777e969a4a05814668d5072b6f77","2023","Kwartal","2","801","80150","411","0","2500.00","2500.00","506.07"
"76","SZKOŁA PODSTAWOWA NR 4 IM. MIKOŁAJA KOPERNIKA W KUTNIE","JB","000903305     ","10","02","01","1","0","Rb28s_da3f777e969a4a05814668d5072b6f77","2023","Kwartal","2","801","80150","412","0","500.00","500.00","72.50"
"77","SZKOŁA PODSTAWOWA NR 4 IM. MIKOŁAJA KOPERNIKA W KUTNIE","JB","000903305     ","10","02","01","1","0","Rb28s_da3f777e969a4a05814668d5072b6f77","2023","Kwartal","2","801","80150","479","0","15000.00","15000.00","3555.61"
"78","SZKOŁA PODSTAWOWA NR 4 IM. MIKOŁAJA KOPERNIKA W KUTNIE","JB","000903305     ","10","02","01","1","0","Rb28s_da3f777e969a4a05814668d5072b6f77","2023","Kwartal","2","854","85416","324","0","1488.00","1488.00","1488.00"
"79","SZKOŁA PODSTAWOWA NR 2 IM. MARSZAŁKA JÓZEFA PIŁSUDSKIEGO","JB","368245067     ","10","02","01","1","0","Rb28s_e6b73922c53e45859c08da306346c145","2023","Kwartal","2","801","80101","302","0","9000.00","3235.19","3235.19"
"80","SZKOŁA PODSTAWOWA NR 2 IM. MARSZAŁKA JÓZEFA PIŁSUDSKIEGO","JB","368245067     ","10","02","01","1","0","Rb28s_e6b73922c53e45859c08da306346c145","2023","Kwartal","2","801","80101","401","0","711414.00","711414.00","320825.11"
"81","SZKOŁA PODSTAWOWA NR 2 IM. MARSZAŁKA JÓZEFA PIŁSUDSKIEGO","JB","368245067     ","10","02","01","1","0","Rb28s_e6b73922c53e45859c08da306346c145","2023","Kwartal","2","801","80101","404","0","60811.00","51911.90","51911.90"
"82","SZKOŁA PODSTAWOWA NR 2 IM. MARSZAŁKA JÓZEFA PIŁSUDSKIEGO","JB","368245067     ","10","02","01","1","0","Rb28s_e6b73922c53e45859c08da306346c145","2023","Kwartal","2","801","80101","411","0","443701.00","443701.00","205556.79"
"83","SZKOŁA PODSTAWOWA NR 2 IM. MARSZAŁKA JÓZEFA PIŁSUDSKIEGO","JB","368245067     ","10","02","01","1","0","Rb28s_e6b73922c53e45859c08da306346c145","2023","Kwartal","2","801","80101","412","0","59889.00","59889.00","19706.66"
"84","SZKOŁA PODSTAWOWA NR 2 IM. MARSZAŁKA JÓZEFA PIŁSUDSKIEGO","JB","368245067     ","10","02","01","1","0","Rb28s_e6b73922c53e45859c08da306346c145","2023","Kwartal","2","801","80101","417","0","5200.00","5200.00",""
"85","SZKOŁA PODSTAWOWA NR 2 IM. MARSZAŁKA JÓZEFA PIŁSUDSKIEGO","JB","368245067     ","10","02","01","1","0","Rb28s_e6b73922c53e45859c08da306346c145","2023","Kwartal","2","801","80101","421","0","64895.00","27947.53","27947.53"
"86","SZKOŁA PODSTAWOWA NR 2 IM. MARSZAŁKA JÓZEFA PIŁSUDSKIEGO","JB","368245067     ","10","02","01","1","0","Rb28s_e6b73922c53e45859c08da306346c145","2023","Kwartal","2","801","80101","424","0","9863.00","",""
"87","SZKOŁA PODSTAWOWA NR 2 IM. MARSZAŁKA JÓZEFA PIŁSUDSKIEGO","JB","368245067     ","10","02","01","1","0","Rb28s_e6b73922c53e45859c08da306346c145","2023","Kwartal","2","801","80101","426","0","240000.00","148903.84","148903.84"
"88","SZKOŁA PODSTAWOWA NR 2 IM. MARSZAŁKA JÓZEFA PIŁSUDSKIEGO","JB","368245067     ","10","02","01","1","0","Rb28s_e6b73922c53e45859c08da306346c145","2023","Kwartal","2","801","80101","427","0","16943.00","5264.63","5264.63"
"89","SZKOŁA PODSTAWOWA NR 2 IM. MARSZAŁKA JÓZEFA PIŁSUDSKIEGO","JB","368245067     ","10","02","01","1","0","Rb28s_e6b73922c53e45859c08da306346c145","2023","Kwartal","2","801","80101","428","0","8700.00","1697.00","1697.00"
"90","SZKOŁA PODSTAWOWA NR 2 IM. MARSZAŁKA JÓZEFA PIŁSUDSKIEGO","JB","368245067     ","10","02","01","1","0","Rb28s_e6b73922c53e45859c08da306346c145","2023","Kwartal","2","801","80101","430","0","50704.00","26076.30","26076.30"
"91","SZKOŁA PODSTAWOWA NR 2 IM. MARSZAŁKA JÓZEFA PIŁSUDSKIEGO","JB","368245067     ","10","02","01","1","0","Rb28s_e6b73922c53e45859c08da306346c145","2023","Kwartal","2","801","80101","436","0","8408.00","2476.53","2476.53"
"92","SZKOŁA PODSTAWOWA NR 2 IM. MARSZAŁKA JÓZEFA PIŁSUDSKIEGO","JB","368245067     ","10","02","01","1","0","Rb28s_e6b73922c53e45859c08da306346c145","2023","Kwartal","2","801","80101","441","0","2328.00","46.00","46.00"
"93","SZKOŁA PODSTAWOWA NR 2 IM. MARSZAŁKA JÓZEFA PIŁSUDSKIEGO","JB","368245067     ","10","02","01","1","0","Rb28s_e6b73922c53e45859c08da306346c145","2023","Kwartal","2","801","80101","444","0","179399.00","179399.00","134550.00"
"94","SZKOŁA PODSTAWOWA NR 2 IM. MARSZAŁKA JÓZEFA PIŁSUDSKIEGO","JB","368245067     ","10","02","01","1","0","Rb28s_e6b73922c53e45859c08da306346c145","2023","Kwartal","2","801","80101","448","0","665.00","",""
"95","SZKOŁA PODSTAWOWA NR 2 IM. MARSZAŁKA JÓZEFA PIŁSUDSKIEGO","JB","368245067     ","10","02","01","1","0","Rb28s_e6b73922c53e45859c08da306346c145","2023","Kwartal","2","801","80101","470","0","3436.00","",""
"96","SZKOŁA PODSTAWOWA NR 2 IM. MARSZAŁKA JÓZEFA PIŁSUDSKIEGO","JB","368245067     ","10","02","01","1","0","Rb28s_e6b73922c53e45859c08da306346c145","2023","Kwartal","2","801","80101","471","0","10000.00","10000.00","2193.86"
"97","SZKOŁA PODSTAWOWA NR 2 IM. MARSZAŁKA JÓZEFA PIŁSUDSKIEGO","JB","368245067     ","10","02","01","1","0","Rb28s_e6b73922c53e45859c08da306346c145","2023","Kwartal","2","801","80101","479","0","1847300.00","1847300.00","859601.31"
"98","SZKOŁA PODSTAWOWA NR 2 IM. MARSZAŁKA JÓZEFA PIŁSUDSKIEGO","JB","368245067     ","10","02","01","1","0","Rb28s_e6b73922c53e45859c08da306346c145","2023","Kwartal","2","801","80101","480","0","140571.00","140570.84","140570.84"
"99","SZKOŁA PODSTAWOWA NR 2 IM. MARSZAŁKA JÓZEFA PIŁSUDSKIEGO","JB","368245067     ","10","02","01","1","0","Rb28s_e6b73922c53e45859c08da306346c145","2023","Kwartal","2","801","80107","411","0","21600.00","21600.00","10008.02"
"100","SZKOŁA PODSTAWOWA NR 2 IM. MARSZAŁKA JÓZEFA PIŁSUDSKIEGO","JB","368245067     ","10","02","01","1","0","Rb28s_e6b73922c53e45859c08da306346c145","2023","Kwartal","2","801","80107","412","0","3500.00","3500.00","1417.26"
"101","SZKOŁA PODSTAWOWA NR 2 IM. MARSZAŁKA JÓZEFA PIŁSUDSKIEGO","JB","368245067     ","10","02","01","1","0","Rb28s_e6b73922c53e45859c08da306346c145","2023","Kwartal","2","801","80107","444","0","6700.00","6700.00","5025.00"
"102","SZKOŁA PODSTAWOWA NR 2 IM. MARSZAŁKA JÓZEFA PIŁSUDSKIEGO","JB","368245067     ","10","02","01","1","0","Rb28s_e6b73922c53e45859c08da306346c145","2023","Kwartal","2","801","80107","471","0","100.00","100.00","4.71"
"103","SZKOŁA PODSTAWOWA NR 2 IM. MARSZAŁKA JÓZEFA PIŁSUDSKIEGO","JB","368245067     ","10","02","01","1","0","Rb28s_e6b73922c53e45859c08da306346c145","2023","Kwartal","2","801","80107","479","0","127500.00","127500.00","66905.52"
"104","SZKOŁA PODSTAWOWA NR 2 IM. MARSZAŁKA JÓZEFA PIŁSUDSKIEGO","JB","368245067     ","10","02","01","1","0","Rb28s_e6b73922c53e45859c08da306346c145","2023","Kwartal","2","801","80107","480","0","10800.00","9569.93","9569.93"
"105","SZKOŁA PODSTAWOWA NR 2 IM. MARSZAŁKA JÓZEFA PIŁSUDSKIEGO","JB","368245067     ","10","02","01","1","0","Rb28s_e6b73922c53e45859c08da306346c145","2023","Kwartal","2","801","80146","430","0","4569.00","1384.00","1384.00"
"106","SZKOŁA PODSTAWOWA NR 2 IM. MARSZAŁKA JÓZEFA PIŁSUDSKIEGO","JB","368245067     ","10","02","01","1","0","Rb28s_e6b73922c53e45859c08da306346c145","2023","Kwartal","2","801","80146","470","0","7615.00","659.00","659.00"
"107","SZKOŁA PODSTAWOWA NR 2 IM. MARSZAŁKA JÓZEFA PIŁSUDSKIEGO","JB","368245067     ","10","02","01","1","0","Rb28s_e6b73922c53e45859c08da306346c145","2023","Kwartal","2","801","80148","302","0","3100.00","462.94","462.94"
"108","SZKOŁA PODSTAWOWA NR 2 IM. MARSZAŁKA JÓZEFA PIŁSUDSKIEGO","JB","368245067     ","10","02","01","1","0","Rb28s_e6b73922c53e45859c08da306346c145","2023","Kwartal","2","801","80148","401","0","260158.00","260158.00","111060.39"
"109","SZKOŁA PODSTAWOWA NR 2 IM. MARSZAŁKA JÓZEFA PIŁSUDSKIEGO","JB","368245067     ","10","02","01","1","0","Rb28s_e6b73922c53e45859c08da306346c145","2023","Kwartal","2","801","80148","404","0","22298.00","15249.84","15249.84"
"110","SZKOŁA PODSTAWOWA NR 2 IM. MARSZAŁKA JÓZEFA PIŁSUDSKIEGO","JB","368245067     ","10","02","01","1","0","Rb28s_e6b73922c53e45859c08da306346c145","2023","Kwartal","2","801","80148","411","0","40155.00","40155.00","20242.36"
"111","SZKOŁA PODSTAWOWA NR 2 IM. MARSZAŁKA JÓZEFA PIŁSUDSKIEGO","JB","368245067     ","10","02","01","1","0","Rb28s_e6b73922c53e45859c08da306346c145","2023","Kwartal","2","801","80148","412","0","7043.00","7043.00","2000.17"
"112","SZKOŁA PODSTAWOWA NR 2 IM. MARSZAŁKA JÓZEFA PIŁSUDSKIEGO","JB","368245067     ","10","02","01","1","0","Rb28s_e6b73922c53e45859c08da306346c145","2023","Kwartal","2","801","80148","421","0","1219.00","393.71","393.71"
"113","SZKOŁA PODSTAWOWA NR 2 IM. MARSZAŁKA JÓZEFA PIŁSUDSKIEGO","JB","368245067     ","10","02","01","1","0","Rb28s_e6b73922c53e45859c08da306346c145","2023","Kwartal","2","801","80148","422","0","230000.00","123287.07","123287.07"
"114","SZKOŁA PODSTAWOWA NR 2 IM. MARSZAŁKA JÓZEFA PIŁSUDSKIEGO","JB","368245067     ","10","02","01","1","0","Rb28s_e6b73922c53e45859c08da306346c145","2023","Kwartal","2","801","80148","444","0","9147.00","9147.00","6861.00"
"115","SZKOŁA PODSTAWOWA NR 2 IM. MARSZAŁKA JÓZEFA PIŁSUDSKIEGO","JB","368245067     ","10","02","01","1","0","Rb28s_e6b73922c53e45859c08da306346c145","2023","Kwartal","2","801","80148","471","0","1000.00","1000.00",""
"116","SZKOŁA PODSTAWOWA NR 2 IM. MARSZAŁKA JÓZEFA PIŁSUDSKIEGO","JB","368245067     ","10","02","01","1","0","Rb28s_e6b73922c53e45859c08da306346c145","2023","Kwartal","2","801","80150","411","0","30500.00","30500.00","11475.33"
"117","SZKOŁA PODSTAWOWA NR 2 IM. MARSZAŁKA JÓZEFA PIŁSUDSKIEGO","JB","368245067     ","10","02","01","1","0","Rb28s_e6b73922c53e45859c08da306346c145","2023","Kwartal","2","801","80150","412","0","4400.00","4400.00","1401.74"
"118","SZKOŁA PODSTAWOWA NR 2 IM. MARSZAŁKA JÓZEFA PIŁSUDSKIEGO","JB","368245067     ","10","02","01","1","0","Rb28s_e6b73922c53e45859c08da306346c145","2023","Kwartal","2","801","80150","444","0","9380.00","9380.00","7035.00"
"119","SZKOŁA PODSTAWOWA NR 2 IM. MARSZAŁKA JÓZEFA PIŁSUDSKIEGO","JB","368245067     ","10","02","01","1","0","Rb28s_e6b73922c53e45859c08da306346c145","2023","Kwartal","2","801","80150","471","0","1000.00","1000.00",""
"120","SZKOŁA PODSTAWOWA NR 2 IM. MARSZAŁKA JÓZEFA PIŁSUDSKIEGO","JB","368245067     ","10","02","01","1","0","Rb28s_e6b73922c53e45859c08da306346c145","2023","Kwartal","2","801","80150","479","0","164500.00","164500.00","68438.05"
"121","SZKOŁA PODSTAWOWA NR 2 IM. MARSZAŁKA JÓZEFA PIŁSUDSKIEGO","JB","368245067     ","10","02","01","1","0","Rb28s_e6b73922c53e45859c08da306346c145","2023","Kwartal","2","801","80150","480","0","13900.00","9105.16","9105.16"
"122","SZKOŁA PODSTAWOWA NR 2 IM. MARSZAŁKA JÓZEFA PIŁSUDSKIEGO","JB","368245067     ","10","02","01","1","0","Rb28s_e6b73922c53e45859c08da306346c145","2023","Kwartal","2","854","85416","324","0","6200.00","6200.00","6200.00"
"123","SZKOŁA PODSTAWOWA NR 6 IM. MARII SKŁODOWSKIEJ - CURIE W KUTNIE","JB","000903280     ","10","02","01","1","0","Rb28s_f77c6d39b5d0456b8bcb0e1b8080b3c2","2023","Kwartal","2","801","80101","302","0","10380.00","5637.48","5637.48"
"124","SZKOŁA PODSTAWOWA NR 6 IM. MARII SKŁODOWSKIEJ - CURIE W KUTNIE","JB","000903280     ","10","02","01","1","0","Rb28s_f77c6d39b5d0456b8bcb0e1b8080b3c2","2023","Kwartal","2","801","80101","401","0","821000.00","821000.00","399585.95"
"125","SZKOŁA PODSTAWOWA NR 6 IM. MARII SKŁODOWSKIEJ - CURIE W KUTNIE","JB","000903280     ","10","02","01","1","0","Rb28s_f77c6d39b5d0456b8bcb0e1b8080b3c2","2023","Kwartal","2","801","80101","404","0","67000.00","54354.73","54354.73"
"126","SZKOŁA PODSTAWOWA NR 6 IM. MARII SKŁODOWSKIEJ - CURIE W KUTNIE","JB","000903280     ","10","02","01","1","0","Rb28s_f77c6d39b5d0456b8bcb0e1b8080b3c2","2023","Kwartal","2","801","80101","411","0","689418.00","689418.00","327505.69"
"127","SZKOŁA PODSTAWOWA NR 6 IM. MARII SKŁODOWSKIEJ - CURIE W KUTNIE","JB","000903280     ","10","02","01","1","0","Rb28s_f77c6d39b5d0456b8bcb0e1b8080b3c2","2023","Kwartal","2","801","80101","412","0","92792.00","92792.00","34196.20"
"128","SZKOŁA PODSTAWOWA NR 6 IM. MARII SKŁODOWSKIEJ - CURIE W KUTNIE","JB","000903280     ","10","02","01","1","0","Rb28s_f77c6d39b5d0456b8bcb0e1b8080b3c2","2023","Kwartal","2","801","80101","414","0","300.00","",""
"129","SZKOŁA PODSTAWOWA NR 6 IM. MARII SKŁODOWSKIEJ - CURIE W KUTNIE","JB","000903280     ","10","02","01","1","0","Rb28s_f77c6d39b5d0456b8bcb0e1b8080b3c2","2023","Kwartal","2","801","80101","417","0","4180.00","4180.00",""
"130","SZKOŁA PODSTAWOWA NR 6 IM. MARII SKŁODOWSKIEJ - CURIE W KUTNIE","JB","000903280     ","10","02","01","1","0","Rb28s_f77c6d39b5d0456b8bcb0e1b8080b3c2","2023","Kwartal","2","801","80101","421","0","51053.00","33425.49","33425.49"
"131","SZKOŁA PODSTAWOWA NR 6 IM. MARII SKŁODOWSKIEJ - CURIE W KUTNIE","JB","000903280     ","10","02","01","1","0","Rb28s_f77c6d39b5d0456b8bcb0e1b8080b3c2","2023","Kwartal","2","801","80101","424","0","4460.00","1419.04","1419.04"
"132","SZKOŁA PODSTAWOWA NR 6 IM. MARII SKŁODOWSKIEJ - CURIE W KUTNIE","JB","000903280     ","10","02","01","1","0","Rb28s_f77c6d39b5d0456b8bcb0e1b8080b3c2","2023","Kwartal","2","801","80101","426","0","273060.00","83175.35","83175.35"
"133","SZKOŁA PODSTAWOWA NR 6 IM. MARII SKŁODOWSKIEJ - CURIE W KUTNIE","JB","000903280     ","10","02","01","1","0","Rb28s_f77c6d39b5d0456b8bcb0e1b8080b3c2","2023","Kwartal","2","801","80101","427","0","5440.00","1968.00","1968.00"
"134","SZKOŁA PODSTAWOWA NR 6 IM. MARII SKŁODOWSKIEJ - CURIE W KUTNIE","JB","000903280     ","10","02","01","1","0","Rb28s_f77c6d39b5d0456b8bcb0e1b8080b3c2","2023","Kwartal","2","801","80101","428","0","4880.00","1050.00","1050.00"
"135","SZKOŁA PODSTAWOWA NR 6 IM. MARII SKŁODOWSKIEJ - CURIE W KUTNIE","JB","000903280     ","10","02","01","1","0","Rb28s_f77c6d39b5d0456b8bcb0e1b8080b3c2","2023","Kwartal","2","801","80101","430","0","68740.00","39893.47","39893.47"
"136","SZKOŁA PODSTAWOWA NR 6 IM. MARII SKŁODOWSKIEJ - CURIE W KUTNIE","JB","000903280     ","10","02","01","1","0","Rb28s_f77c6d39b5d0456b8bcb0e1b8080b3c2","2023","Kwartal","2","801","80101","436","0","4510.00","1483.85","1483.85"
"137","SZKOŁA PODSTAWOWA NR 6 IM. MARII SKŁODOWSKIEJ - CURIE W KUTNIE","JB","000903280     ","10","02","01","1","0","Rb28s_f77c6d39b5d0456b8bcb0e1b8080b3c2","2023","Kwartal","2","801","80101","441","0","743.00","290.00","290.00"
"138","SZKOŁA PODSTAWOWA NR 6 IM. MARII SKŁODOWSKIEJ - CURIE W KUTNIE","JB","000903280     ","10","02","01","1","0","Rb28s_f77c6d39b5d0456b8bcb0e1b8080b3c2","2023","Kwartal","2","801","80101","444","0","195027.00","195027.00","146270.25"
"139","SZKOŁA PODSTAWOWA NR 6 IM. MARII SKŁODOWSKIEJ - CURIE W KUTNIE","JB","000903280     ","10","02","01","1","0","Rb28s_f77c6d39b5d0456b8bcb0e1b8080b3c2","2023","Kwartal","2","801","80101","470","0","2810.00","98.00","98.00"
"140","SZKOŁA PODSTAWOWA NR 6 IM. MARII SKŁODOWSKIEJ - CURIE W KUTNIE","JB","000903280     ","10","02","01","1","0","Rb28s_f77c6d39b5d0456b8bcb0e1b8080b3c2","2023","Kwartal","2","801","80101","471","0","62000.00","62000.00","2352.64"
"141","SZKOŁA PODSTAWOWA NR 6 IM. MARII SKŁODOWSKIEJ - CURIE W KUTNIE","JB","000903280     ","10","02","01","1","0","Rb28s_f77c6d39b5d0456b8bcb0e1b8080b3c2","2023","Kwartal","2","801","80101","479","0","3027716.00","3027716.00","1323758.14"
"142","SZKOŁA PODSTAWOWA NR 6 IM. MARII SKŁODOWSKIEJ - CURIE W KUTNIE","JB","000903280     ","10","02","01","1","0","Rb28s_f77c6d39b5d0456b8bcb0e1b8080b3c2","2023","Kwartal","2","801","80101","480","0","248000.00","224319.25","224319.25"
"143","SZKOŁA PODSTAWOWA NR 6 IM. MARII SKŁODOWSKIEJ - CURIE W KUTNIE","JB","000903280     ","10","02","01","1","0","Rb28s_f77c6d39b5d0456b8bcb0e1b8080b3c2","2023","Kwartal","2","801","80107","411","0","46000.00","46000.00","23584.25"
"144","SZKOŁA PODSTAWOWA NR 6 IM. MARII SKŁODOWSKIEJ - CURIE W KUTNIE","JB","000903280     ","10","02","01","1","0","Rb28s_f77c6d39b5d0456b8bcb0e1b8080b3c2","2023","Kwartal","2","801","80107","412","0","8000.00","8000.00","2225.19"
"145","SZKOŁA PODSTAWOWA NR 6 IM. MARII SKŁODOWSKIEJ - CURIE W KUTNIE","JB","000903280     ","10","02","01","1","0","Rb28s_f77c6d39b5d0456b8bcb0e1b8080b3c2","2023","Kwartal","2","801","80107","444","0","13399.00","13399.00","10049.25"
"146","SZKOŁA PODSTAWOWA NR 6 IM. MARII SKŁODOWSKIEJ - CURIE W KUTNIE","JB","000903280     ","10","02","01","1","0","Rb28s_f77c6d39b5d0456b8bcb0e1b8080b3c2","2023","Kwartal","2","801","80107","471","0","200.00","200.00",""
"147","SZKOŁA PODSTAWOWA NR 6 IM. MARII SKŁODOWSKIEJ - CURIE W KUTNIE","JB","000903280     ","10","02","01","1","0","Rb28s_f77c6d39b5d0456b8bcb0e1b8080b3c2","2023","Kwartal","2","801","80107","479","0","277000.00","277000.00","123263.78"
"148","SZKOŁA PODSTAWOWA NR 6 IM. MARII SKŁODOWSKIEJ - CURIE W KUTNIE","JB","000903280     ","10","02","01","1","0","Rb28s_f77c6d39b5d0456b8bcb0e1b8080b3c2","2023","Kwartal","2","801","80107","480","0","20000.00","17418.33","17418.33"
"149","SZKOŁA PODSTAWOWA NR 6 IM. MARII SKŁODOWSKIEJ - CURIE W KUTNIE","JB","000903280     ","10","02","01","1","0","Rb28s_f77c6d39b5d0456b8bcb0e1b8080b3c2","2023","Kwartal","2","801","80146","430","0","6584.00","",""
"150","SZKOŁA PODSTAWOWA NR 6 IM. MARII SKŁODOWSKIEJ - CURIE W KUTNIE","JB","000903280     ","10","02","01","1","0","Rb28s_f77c6d39b5d0456b8bcb0e1b8080b3c2","2023","Kwartal","2","801","80146","470","0","10974.00","5680.00","5680.00"
"151","SZKOŁA PODSTAWOWA NR 6 IM. MARII SKŁODOWSKIEJ - CURIE W KUTNIE","JB","000903280     ","10","02","01","1","0","Rb28s_f77c6d39b5d0456b8bcb0e1b8080b3c2","2023","Kwartal","2","801","80148","302","0","2550.00","1363.00","1363.00"
"152","SZKOŁA PODSTAWOWA NR 6 IM. MARII SKŁODOWSKIEJ - CURIE W KUTNIE","JB","000903280     ","10","02","01","1","0","Rb28s_f77c6d39b5d0456b8bcb0e1b8080b3c2","2023","Kwartal","2","801","80148","401","0","260000.00","260000.00","126431.43"
"153","SZKOŁA PODSTAWOWA NR 6 IM. MARII SKŁODOWSKIEJ - CURIE W KUTNIE","JB","000903280     ","10","02","01","1","0","Rb28s_f77c6d39b5d0456b8bcb0e1b8080b3c2","2023","Kwartal","2","801","80148","404","0","22000.00","15632.76","15632.76"
"154","SZKOŁA PODSTAWOWA NR 6 IM. MARII SKŁODOWSKIEJ - CURIE W KUTNIE","JB","000903280     ","10","02","01","1","0","Rb28s_f77c6d39b5d0456b8bcb0e1b8080b3c2","2023","Kwartal","2","801","80148","411","0","43000.00","43000.00","24284.15"
"155","SZKOŁA PODSTAWOWA NR 6 IM. MARII SKŁODOWSKIEJ - CURIE W KUTNIE","JB","000903280     ","10","02","01","1","0","Rb28s_f77c6d39b5d0456b8bcb0e1b8080b3c2","2023","Kwartal","2","801","80148","412","0","7300.00","7300.00","2721.12"
"156","SZKOŁA PODSTAWOWA NR 6 IM. MARII SKŁODOWSKIEJ - CURIE W KUTNIE","JB","000903280     ","10","02","01","1","0","Rb28s_f77c6d39b5d0456b8bcb0e1b8080b3c2","2023","Kwartal","2","801","80148","422","0","190000.00","98621.77","98621.77"
"157","SZKOŁA PODSTAWOWA NR 6 IM. MARII SKŁODOWSKIEJ - CURIE W KUTNIE","JB","000903280     ","10","02","01","1","0","Rb28s_f77c6d39b5d0456b8bcb0e1b8080b3c2","2023","Kwartal","2","801","80148","428","0","330.00","",""
"158","SZKOŁA PODSTAWOWA NR 6 IM. MARII SKŁODOWSKIEJ - CURIE W KUTNIE","JB","000903280     ","10","02","01","1","0","Rb28s_f77c6d39b5d0456b8bcb0e1b8080b3c2","2023","Kwartal","2","801","80148","444","0","8315.00","8315.00","6236.25"
"159","SZKOŁA PODSTAWOWA NR 6 IM. MARII SKŁODOWSKIEJ - CURIE W KUTNIE","JB","000903280     ","10","02","01","1","0","Rb28s_f77c6d39b5d0456b8bcb0e1b8080b3c2","2023","Kwartal","2","801","80148","471","0","4500.00","4500.00",""
"160","SZKOŁA PODSTAWOWA NR 6 IM. MARII SKŁODOWSKIEJ - CURIE W KUTNIE","JB","000903280     ","10","02","01","1","0","Rb28s_f77c6d39b5d0456b8bcb0e1b8080b3c2","2023","Kwartal","2","801","80150","411","0","28600.00","28600.00","14389.02"
"161","SZKOŁA PODSTAWOWA NR 6 IM. MARII SKŁODOWSKIEJ - CURIE W KUTNIE","JB","000903280     ","10","02","01","1","0","Rb28s_f77c6d39b5d0456b8bcb0e1b8080b3c2","2023","Kwartal","2","801","80150","412","0","4080.00","4080.00","2043.76"
"162","SZKOŁA PODSTAWOWA NR 6 IM. MARII SKŁODOWSKIEJ - CURIE W KUTNIE","JB","000903280     ","10","02","01","1","0","Rb28s_f77c6d39b5d0456b8bcb0e1b8080b3c2","2023","Kwartal","2","801","80150","471","0","2500.00","2500.00",""
"163","SZKOŁA PODSTAWOWA NR 6 IM. MARII SKŁODOWSKIEJ - CURIE W KUTNIE","JB","000903280     ","10","02","01","1","0","Rb28s_f77c6d39b5d0456b8bcb0e1b8080b3c2","2023","Kwartal","2","801","80150","479","0","166600.00","166600.00","83943.77"
"164","SZKOŁA PODSTAWOWA NR 6 IM. MARII SKŁODOWSKIEJ - CURIE W KUTNIE","JB","000903280     ","10","02","01","1","0","Rb28s_f77c6d39b5d0456b8bcb0e1b8080b3c2","2023","Kwartal","2","854","85416","324","0","11408.00","11408.00","11408.00"
"165","SZKOŁA PODSTAWOWA NR 1 IM.TADEUSZA KOŚCIUSZKI W KUTNIE","JB","000903334     ","10","02","01","1","0","Rb28s_f3da1bc82ab940828d72e5522c18312b","2023","Kwartal","2","801","80101","302","0","24700.00","3333.05","3333.05"
"166","SZKOŁA PODSTAWOWA NR 1 IM.TADEUSZA KOŚCIUSZKI W KUTNIE","JB","000903334     ","10","02","01","1","0","Rb28s_f3da1bc82ab940828d72e5522c18312b","2023","Kwartal","2","801","80101","401","0","1219930.00","1219930.00","603158.07"
"167","SZKOŁA PODSTAWOWA NR 1 IM.TADEUSZA KOŚCIUSZKI W KUTNIE","JB","000903334     ","10","02","01","1","0","Rb28s_f3da1bc82ab940828d72e5522c18312b","2023","Kwartal","2","801","80101","404","0","85800.00","82690.46","82690.46"
"168","SZKOŁA PODSTAWOWA NR 1 IM.TADEUSZA KOŚCIUSZKI W KUTNIE","JB","000903334     ","10","02","01","1","0","Rb28s_f3da1bc82ab940828d72e5522c18312b","2023","Kwartal","2","801","80101","411","0","1161283.00","1161283.00","540560.99"
"169","SZKOŁA PODSTAWOWA NR 1 IM.TADEUSZA KOŚCIUSZKI W KUTNIE","JB","000903334     ","10","02","01","1","0","Rb28s_f3da1bc82ab940828d72e5522c18312b","2023","Kwartal","2","801","80101","412","0","155777.00","155777.00","46514.61"
"170","SZKOŁA PODSTAWOWA NR 1 IM.TADEUSZA KOŚCIUSZKI W KUTNIE","JB","000903334     ","10","02","01","1","0","Rb28s_f3da1bc82ab940828d72e5522c18312b","2023","Kwartal","2","801","80101","417","0","4000.00","4000.00",""
"171","SZKOŁA PODSTAWOWA NR 1 IM.TADEUSZA KOŚCIUSZKI W KUTNIE","JB","000903334     ","10","02","01","1","0","Rb28s_f3da1bc82ab940828d72e5522c18312b","2023","Kwartal","2","801","80101","421","0","142972.00","84920.98","84920.98"
"172","SZKOŁA PODSTAWOWA NR 1 IM.TADEUSZA KOŚCIUSZKI W KUTNIE","JB","000903334     ","10","02","01","1","0","Rb28s_f3da1bc82ab940828d72e5522c18312b","2023","Kwartal","2","801","80101","424","0","32706.00","6006.28","6006.28"
"173","SZKOŁA PODSTAWOWA NR 1 IM.TADEUSZA KOŚCIUSZKI W KUTNIE","JB","000903334     ","10","02","01","1","0","Rb28s_f3da1bc82ab940828d72e5522c18312b","2023","Kwartal","2","801","80101","426","0","496378.00","403721.67","403721.67"
"174","SZKOŁA PODSTAWOWA NR 1 IM.TADEUSZA KOŚCIUSZKI W KUTNIE","JB","000903334     ","10","02","01","1","0","Rb28s_f3da1bc82ab940828d72e5522c18312b","2023","Kwartal","2","801","80101","427","0","45618.00","18609.90","9311.10"
"175","SZKOŁA PODSTAWOWA NR 1 IM.TADEUSZA KOŚCIUSZKI W KUTNIE","JB","000903334     ","10","02","01","1","0","Rb28s_f3da1bc82ab940828d72e5522c18312b","2023","Kwartal","2","801","80101","428","0","5209.00","2200.00","2200.00"
"176","SZKOŁA PODSTAWOWA NR 1 IM.TADEUSZA KOŚCIUSZKI W KUTNIE","JB","000903334     ","10","02","01","1","0","Rb28s_f3da1bc82ab940828d72e5522c18312b","2023","Kwartal","2","801","80101","430","0","110395.00","78556.08","58853.89"
"177","SZKOŁA PODSTAWOWA NR 1 IM.TADEUSZA KOŚCIUSZKI W KUTNIE","JB","000903334     ","10","02","01","1","0","Rb28s_f3da1bc82ab940828d72e5522c18312b","2023","Kwartal","2","801","80101","436","0","7724.00","3380.81","2716.58"
"178","SZKOŁA PODSTAWOWA NR 1 IM.TADEUSZA KOŚCIUSZKI W KUTNIE","JB","000903334     ","10","02","01","1","0","Rb28s_f3da1bc82ab940828d72e5522c18312b","2023","Kwartal","2","801","80101","439","0","1417.00","",""
"179","SZKOŁA PODSTAWOWA NR 1 IM.TADEUSZA KOŚCIUSZKI W KUTNIE","JB","000903334     ","10","02","01","1","0","Rb28s_f3da1bc82ab940828d72e5522c18312b","2023","Kwartal","2","801","80101","441","0","3812.00","377.50","377.50"
"180","SZKOŁA PODSTAWOWA NR 1 IM.TADEUSZA KOŚCIUSZKI W KUTNIE","JB","000903334     ","10","02","01","1","0","Rb28s_f3da1bc82ab940828d72e5522c18312b","2023","Kwartal","2","801","80101","444","0","389977.00","389977.00","292482.38"
"181","SZKOŁA PODSTAWOWA NR 1 IM.TADEUSZA KOŚCIUSZKI W KUTNIE","JB","000903334     ","10","02","01","1","0","Rb28s_f3da1bc82ab940828d72e5522c18312b","2023","Kwartal","2","801","80101","448","0","1108.00","913.00","913.00"
"182","SZKOŁA PODSTAWOWA NR 1 IM.TADEUSZA KOŚCIUSZKI W KUTNIE","JB","000903334     ","10","02","01","1","0","Rb28s_f3da1bc82ab940828d72e5522c18312b","2023","Kwartal","2","801","80101","453","0","554.00","",""
"183","SZKOŁA PODSTAWOWA NR 1 IM.TADEUSZA KOŚCIUSZKI W KUTNIE","JB","000903334     ","10","02","01","1","0","Rb28s_f3da1bc82ab940828d72e5522c18312b","2023","Kwartal","2","801","80101","470","0","4219.00","693.00","693.00"
"184","SZKOŁA PODSTAWOWA NR 1 IM.TADEUSZA KOŚCIUSZKI W KUTNIE","JB","000903334     ","10","02","01","1","0","Rb28s_f3da1bc82ab940828d72e5522c18312b","2023","Kwartal","2","801","80101","471","0","15000.00","15000.00","5428.16"
"185","SZKOŁA PODSTAWOWA NR 1 IM.TADEUSZA KOŚCIUSZKI W KUTNIE","JB","000903334     ","10","02","01","1","0","Rb28s_f3da1bc82ab940828d72e5522c18312b","2023","Kwartal","2","801","80101","479","0","5245250.00","5245250.00","2300776.52"
"186","SZKOŁA PODSTAWOWA NR 1 IM.TADEUSZA KOŚCIUSZKI W KUTNIE","JB","000903334     ","10","02","01","1","0","Rb28s_f3da1bc82ab940828d72e5522c18312b","2023","Kwartal","2","801","80101","480","0","329200.00","326946.76","326946.76"
"187","SZKOŁA PODSTAWOWA NR 1 IM.TADEUSZA KOŚCIUSZKI W KUTNIE","JB","000903334     ","10","02","01","1","0","Rb28s_f3da1bc82ab940828d72e5522c18312b","2023","Kwartal","2","801","80107","302","0","694.00","",""
"188","SZKOŁA PODSTAWOWA NR 1 IM.TADEUSZA KOŚCIUSZKI W KUTNIE","JB","000903334     ","10","02","01","1","0","Rb28s_f3da1bc82ab940828d72e5522c18312b","2023","Kwartal","2","801","80107","411","0","46607.00","46607.00","24309.60"
"189","SZKOŁA PODSTAWOWA NR 1 IM.TADEUSZA KOŚCIUSZKI W KUTNIE","JB","000903334     ","10","02","01","1","0","Rb28s_f3da1bc82ab940828d72e5522c18312b","2023","Kwartal","2","801","80107","412","0","7070.00","7070.00","1896.89"
"190","SZKOŁA PODSTAWOWA NR 1 IM.TADEUSZA KOŚCIUSZKI W KUTNIE","JB","000903334     ","10","02","01","1","0","Rb28s_f3da1bc82ab940828d72e5522c18312b","2023","Kwartal","2","801","80107","428","0","247.00","70.00","70.00"
"191","SZKOŁA PODSTAWOWA NR 1 IM.TADEUSZA KOŚCIUSZKI W KUTNIE","JB","000903334     ","10","02","01","1","0","Rb28s_f3da1bc82ab940828d72e5522c18312b","2023","Kwartal","2","801","80107","444","0","13399.00","13399.00","10049.19"
"192","SZKOŁA PODSTAWOWA NR 1 IM.TADEUSZA KOŚCIUSZKI W KUTNIE","JB","000903334     ","10","02","01","1","0","Rb28s_f3da1bc82ab940828d72e5522c18312b","2023","Kwartal","2","801","80107","471","0","200.00","200.00",""
"193","SZKOŁA PODSTAWOWA NR 1 IM.TADEUSZA KOŚCIUSZKI W KUTNIE","JB","000903334     ","10","02","01","1","0","Rb28s_f3da1bc82ab940828d72e5522c18312b","2023","Kwartal","2","801","80107","479","0","265630.00","265630.00","128447.32"
"194","SZKOŁA PODSTAWOWA NR 1 IM.TADEUSZA KOŚCIUSZKI W KUTNIE","JB","000903334     ","10","02","01","1","0","Rb28s_f3da1bc82ab940828d72e5522c18312b","2023","Kwartal","2","801","80107","480","0","22950.00","17981.56","17981.56"
"195","SZKOŁA PODSTAWOWA NR 1 IM.TADEUSZA KOŚCIUSZKI W KUTNIE","JB","000903334     ","10","02","01","1","0","Rb28s_f3da1bc82ab940828d72e5522c18312b","2023","Kwartal","2","801","80146","430","0","13876.00","3860.00","3860.00"
"196","SZKOŁA PODSTAWOWA NR 1 IM.TADEUSZA KOŚCIUSZKI W KUTNIE","JB","000903334     ","10","02","01","1","0","Rb28s_f3da1bc82ab940828d72e5522c18312b","2023","Kwartal","2","801","80146","470","0","23127.00","3903.00","3903.00"
"197","SZKOŁA PODSTAWOWA NR 1 IM.TADEUSZA KOŚCIUSZKI W KUTNIE","JB","000903334     ","10","02","01","1","0","Rb28s_f3da1bc82ab940828d72e5522c18312b","2023","Kwartal","2","801","80148","302","0","3114.00","211.68","211.68"
"198","SZKOŁA PODSTAWOWA NR 1 IM.TADEUSZA KOŚCIUSZKI W KUTNIE","JB","000903334     ","10","02","01","1","0","Rb28s_f3da1bc82ab940828d72e5522c18312b","2023","Kwartal","2","801","80148","401","0","371779.00","371779.00","234164.03"
"199","SZKOŁA PODSTAWOWA NR 1 IM.TADEUSZA KOŚCIUSZKI W KUTNIE","JB","000903334     ","10","02","01","1","0","Rb28s_f3da1bc82ab940828d72e5522c18312b","2023","Kwartal","2","801","80148","404","0","24480.00","23200.67","23200.67"
"200","SZKOŁA PODSTAWOWA NR 1 IM.TADEUSZA KOŚCIUSZKI W KUTNIE","JB","000903334     ","10","02","01","1","0","Rb28s_f3da1bc82ab940828d72e5522c18312b","2023","Kwartal","2","801","80148","411","0","65470.00","65470.00","34086.11"
"201","SZKOŁA PODSTAWOWA NR 1 IM.TADEUSZA KOŚCIUSZKI W KUTNIE","JB","000903334     ","10","02","01","1","0","Rb28s_f3da1bc82ab940828d72e5522c18312b","2023","Kwartal","2","801","80148","412","0","10198.00","10198.00","3948.40"
"202","SZKOŁA PODSTAWOWA NR 1 IM.TADEUSZA KOŚCIUSZKI W KUTNIE","JB","000903334     ","10","02","01","1","0","Rb28s_f3da1bc82ab940828d72e5522c18312b","2023","Kwartal","2","801","80148","421","0","14657.00","2302.76","2302.76"
"203","SZKOŁA PODSTAWOWA NR 1 IM.TADEUSZA KOŚCIUSZKI W KUTNIE","JB","000903334     ","10","02","01","1","0","Rb28s_f3da1bc82ab940828d72e5522c18312b","2023","Kwartal","2","801","80148","422","0","601000.00","293999.22","293999.22"
"204","SZKOŁA PODSTAWOWA NR 1 IM.TADEUSZA KOŚCIUSZKI W KUTNIE","JB","000903334     ","10","02","01","1","0","Rb28s_f3da1bc82ab940828d72e5522c18312b","2023","Kwartal","2","801","80148","426","0","1207.00","210.00","210.00"
"205","SZKOŁA PODSTAWOWA NR 1 IM.TADEUSZA KOŚCIUSZKI W KUTNIE","JB","000903334     ","10","02","01","1","0","Rb28s_f3da1bc82ab940828d72e5522c18312b","2023","Kwartal","2","801","80148","428","0","484.00","",""
"206","SZKOŁA PODSTAWOWA NR 1 IM.TADEUSZA KOŚCIUSZKI W KUTNIE","JB","000903334     ","10","02","01","1","0","Rb28s_f3da1bc82ab940828d72e5522c18312b","2023","Kwartal","2","801","80148","430","0","7031.00","3025.17","2673.09"
"207","SZKOŁA PODSTAWOWA NR 1 IM.TADEUSZA KOŚCIUSZKI W KUTNIE","JB","000903334     ","10","02","01","1","0","Rb28s_f3da1bc82ab940828d72e5522c18312b","2023","Kwartal","2","801","80148","444","0","11641.00","11641.00","8730.59"
"208","SZKOŁA PODSTAWOWA NR 1 IM.TADEUSZA KOŚCIUSZKI W KUTNIE","JB","000903334     ","10","02","01","1","0","Rb28s_f3da1bc82ab940828d72e5522c18312b","2023","Kwartal","2","801","80148","471","0","1000.00","1000.00",""
"209","SZKOŁA PODSTAWOWA NR 1 IM.TADEUSZA KOŚCIUSZKI W KUTNIE","JB","000903334     ","10","02","01","1","0","Rb28s_f3da1bc82ab940828d72e5522c18312b","2023","Kwartal","2","801","80150","411","0","201860.00","201860.00","109645.48"
"210","SZKOŁA PODSTAWOWA NR 1 IM.TADEUSZA KOŚCIUSZKI W KUTNIE","JB","000903334     ","10","02","01","1","0","Rb28s_f3da1bc82ab940828d72e5522c18312b","2023","Kwartal","2","801","80150","412","0","28770.00","28770.00","11668.71"
"211","SZKOŁA PODSTAWOWA NR 1 IM.TADEUSZA KOŚCIUSZKI W KUTNIE","JB","000903334     ","10","02","01","1","0","Rb28s_f3da1bc82ab940828d72e5522c18312b","2023","Kwartal","2","801","80150","444","0","50849.00","50849.00","38136.67"
"212","SZKOŁA PODSTAWOWA NR 1 IM.TADEUSZA KOŚCIUSZKI W KUTNIE","JB","000903334     ","10","02","01","1","0","Rb28s_f3da1bc82ab940828d72e5522c18312b","2023","Kwartal","2","801","80150","471","0","9000.00","9000.00","1332.72"
"213","SZKOŁA PODSTAWOWA NR 1 IM.TADEUSZA KOŚCIUSZKI W KUTNIE","JB","000903334     ","10","02","01","1","0","Rb28s_f3da1bc82ab940828d72e5522c18312b","2023","Kwartal","2","801","80150","479","0","1039290.00","1039290.00","518495.64"
"214","SZKOŁA PODSTAWOWA NR 1 IM.TADEUSZA KOŚCIUSZKI W KUTNIE","JB","000903334     ","10","02","01","1","0","Rb28s_f3da1bc82ab940828d72e5522c18312b","2023","Kwartal","2","801","80150","480","0","135000.00","127133.83","127133.83"
"215","SZKOŁA PODSTAWOWA NR 1 IM.TADEUSZA KOŚCIUSZKI W KUTNIE","JB","000903334     ","10","02","01","1","0","Rb28s_f3da1bc82ab940828d72e5522c18312b","2023","Kwartal","2","854","85416","324","0","33976.00","33976.00","33976.00"
"216","SZKOŁA PODSTAWOWA NR 7 IM. ADAMA MICKIEWICZA","JB","368246055     ","10","02","01","1","0","Rb28s_f19ead9d8c244255b24626fcde15bb4a","2023","Kwartal","2","801","80101","302","0","14162.00","9900.63","9900.63"
"217","SZKOŁA PODSTAWOWA NR 7 IM. ADAMA MICKIEWICZA","JB","368246055     ","10","02","01","1","0","Rb28s_f19ead9d8c244255b24626fcde15bb4a","2023","Kwartal","2","801","80101","401","0","818656.00","818656.00","391354.49"
"218","SZKOŁA PODSTAWOWA NR 7 IM. ADAMA MICKIEWICZA","JB","368246055     ","10","02","01","1","0","Rb28s_f19ead9d8c244255b24626fcde15bb4a","2023","Kwartal","2","801","80101","404","0","52000.00","48701.67","48701.67"
"219","SZKOŁA PODSTAWOWA NR 7 IM. ADAMA MICKIEWICZA","JB","368246055     ","10","02","01","1","0","Rb28s_f19ead9d8c244255b24626fcde15bb4a","2023","Kwartal","2","801","80101","411","0","494815.00","494815.00","267321.71"
"220","SZKOŁA PODSTAWOWA NR 7 IM. ADAMA MICKIEWICZA","JB","368246055     ","10","02","01","1","0","Rb28s_f19ead9d8c244255b24626fcde15bb4a","2023","Kwartal","2","801","80101","412","0","66301.00","66301.00","27309.26"
"221","SZKOŁA PODSTAWOWA NR 7 IM. ADAMA MICKIEWICZA","JB","368246055     ","10","02","01","1","0","Rb28s_f19ead9d8c244255b24626fcde15bb4a","2023","Kwartal","2","801","80101","417","0","16925.00","16925.00","4690.42"
"222","SZKOŁA PODSTAWOWA NR 7 IM. ADAMA MICKIEWICZA","JB","368246055     ","10","02","01","1","0","Rb28s_f19ead9d8c244255b24626fcde15bb4a","2023","Kwartal","2","801","80101","421","0","66827.00","17980.51","17980.51"
"223","SZKOŁA PODSTAWOWA NR 7 IM. ADAMA MICKIEWICZA","JB","368246055     ","10","02","01","1","0","Rb28s_f19ead9d8c244255b24626fcde15bb4a","2023","Kwartal","2","801","80101","424","0","11308.00","67.74","67.74"
"224","SZKOŁA PODSTAWOWA NR 7 IM. ADAMA MICKIEWICZA","JB","368246055     ","10","02","01","1","0","Rb28s_f19ead9d8c244255b24626fcde15bb4a","2023","Kwartal","2","801","80101","426","0","237160.00","153390.48","153390.48"
"225","SZKOŁA PODSTAWOWA NR 7 IM. ADAMA MICKIEWICZA","JB","368246055     ","10","02","01","1","0","Rb28s_f19ead9d8c244255b24626fcde15bb4a","2023","Kwartal","2","801","80101","427","0","54000.00","6164.25","6164.25"
"226","SZKOŁA PODSTAWOWA NR 7 IM. ADAMA MICKIEWICZA","JB","368246055     ","10","02","01","1","0","Rb28s_f19ead9d8c244255b24626fcde15bb4a","2023","Kwartal","2","801","80101","428","0","4312.00","385.00","385.00"
"227","SZKOŁA PODSTAWOWA NR 7 IM. ADAMA MICKIEWICZA","JB","368246055     ","10","02","01","1","0","Rb28s_f19ead9d8c244255b24626fcde15bb4a","2023","Kwartal","2","801","80101","430","0","46726.00","20099.67","20099.67"
"228","SZKOŁA PODSTAWOWA NR 7 IM. ADAMA MICKIEWICZA","JB","368246055     ","10","02","01","1","0","Rb28s_f19ead9d8c244255b24626fcde15bb4a","2023","Kwartal","2","801","80101","436","0","2824.00","862.11","862.11"
"229","SZKOŁA PODSTAWOWA NR 7 IM. ADAMA MICKIEWICZA","JB","368246055     ","10","02","01","1","0","Rb28s_f19ead9d8c244255b24626fcde15bb4a","2023","Kwartal","2","801","80101","441","0","2264.00","205.44","205.44"
"230","SZKOŁA PODSTAWOWA NR 7 IM. ADAMA MICKIEWICZA","JB","368246055     ","10","02","01","1","0","Rb28s_f19ead9d8c244255b24626fcde15bb4a","2023","Kwartal","2","801","80101","444","0","196952.00","196952.00","147714.00"
"231","SZKOŁA PODSTAWOWA NR 7 IM. ADAMA MICKIEWICZA","JB","368246055     ","10","02","01","1","0","Rb28s_f19ead9d8c244255b24626fcde15bb4a","2023","Kwartal","2","801","80101","448","0","347.00","",""
"232","SZKOŁA PODSTAWOWA NR 7 IM. ADAMA MICKIEWICZA","JB","368246055     ","10","02","01","1","0","Rb28s_f19ead9d8c244255b24626fcde15bb4a","2023","Kwartal","2","801","80101","470","0","4517.00","300.00","300.00"
"233","SZKOŁA PODSTAWOWA NR 7 IM. ADAMA MICKIEWICZA","JB","368246055     ","10","02","01","1","0","Rb28s_f19ead9d8c244255b24626fcde15bb4a","2023","Kwartal","2","801","80101","471","0","2000.00","2000.00",""
"234","SZKOŁA PODSTAWOWA NR 7 IM. ADAMA MICKIEWICZA","JB","368246055     ","10","02","01","1","0","Rb28s_f19ead9d8c244255b24626fcde15bb4a","2023","Kwartal","2","801","80101","479","0","1968198.00","1968198.00","1037464.65"
"235","SZKOŁA PODSTAWOWA NR 7 IM. ADAMA MICKIEWICZA","JB","368246055     ","10","02","01","1","0","Rb28s_f19ead9d8c244255b24626fcde15bb4a","2023","Kwartal","2","801","80101","480","0","145450.00","143426.66","143426.66"
"236","SZKOŁA PODSTAWOWA NR 7 IM. ADAMA MICKIEWICZA","JB","368246055     ","10","02","01","1","0","Rb28s_f19ead9d8c244255b24626fcde15bb4a","2023","Kwartal","2","801","80107","411","0","31397.00","31397.00","14649.10"
"237","SZKOŁA PODSTAWOWA NR 7 IM. ADAMA MICKIEWICZA","JB","368246055     ","10","02","01","1","0","Rb28s_f19ead9d8c244255b24626fcde15bb4a","2023","Kwartal","2","801","80107","412","0","4760.00","4760.00","1097.26"
"238","SZKOŁA PODSTAWOWA NR 7 IM. ADAMA MICKIEWICZA","JB","368246055     ","10","02","01","1","0","Rb28s_f19ead9d8c244255b24626fcde15bb4a","2023","Kwartal","2","801","80107","444","0","10408.00","10408.00","7806.00"
"239","SZKOŁA PODSTAWOWA NR 7 IM. ADAMA MICKIEWICZA","JB","368246055     ","10","02","01","1","0","Rb28s_f19ead9d8c244255b24626fcde15bb4a","2023","Kwartal","2","801","80107","471","0","100.00","100.00",""
"240","SZKOŁA PODSTAWOWA NR 7 IM. ADAMA MICKIEWICZA","JB","368246055     ","10","02","01","1","0","Rb28s_f19ead9d8c244255b24626fcde15bb4a","2023","Kwartal","2","801","80107","479","0","179780.00","179780.00","61721.10"
"241","SZKOŁA PODSTAWOWA NR 7 IM. ADAMA MICKIEWICZA","JB","368246055     ","10","02","01","1","0","Rb28s_f19ead9d8c244255b24626fcde15bb4a","2023","Kwartal","2","801","80107","480","0","14500.00","14190.10","14190.10"
"242","SZKOŁA PODSTAWOWA NR 7 IM. ADAMA MICKIEWICZA","JB","368246055     ","10","02","01","1","0","Rb28s_f19ead9d8c244255b24626fcde15bb4a","2023","Kwartal","2","801","80146","430","0","4817.00","",""
"243","SZKOŁA PODSTAWOWA NR 7 IM. ADAMA MICKIEWICZA","JB","368246055     ","10","02","01","1","0","Rb28s_f19ead9d8c244255b24626fcde15bb4a","2023","Kwartal","2","801","80146","470","0","8029.00","150.00","150.00"
"244","SZKOŁA PODSTAWOWA NR 7 IM. ADAMA MICKIEWICZA","JB","368246055     ","10","02","01","1","0","Rb28s_f19ead9d8c244255b24626fcde15bb4a","2023","Kwartal","2","801","80150","411","0","8580.00","8580.00","5430.47"
"245","SZKOŁA PODSTAWOWA NR 7 IM. ADAMA MICKIEWICZA","JB","368246055     ","10","02","01","1","0","Rb28s_f19ead9d8c244255b24626fcde15bb4a","2023","Kwartal","2","801","80150","412","0","1223.00","1223.00","773.96"
"246","SZKOŁA PODSTAWOWA NR 7 IM. ADAMA MICKIEWICZA","JB","368246055     ","10","02","01","1","0","Rb28s_f19ead9d8c244255b24626fcde15bb4a","2023","Kwartal","2","801","80150","479","0","49633.00","49633.00","31590.89"
"247","SZKOŁA PODSTAWOWA NR 7 IM. ADAMA MICKIEWICZA","JB","368246055     ","10","02","01","1","0","Rb28s_f19ead9d8c244255b24626fcde15bb4a","2023","Kwartal","2","854","85416","324","0","11656.00","11656.00","11656.00"
"248","SZKOŁA PODSTAWOWA NR 7 IM. ADAMA MICKIEWICZA","JB","368246055     ","10","02","01","1","0","Rb28s_f19ead9d8c244255b24626fcde15bb4a","2023","Kwartal","2","926","92695","417","0","29900.00","29900.00","25900.00"
"249","SZKOŁA PODSTAWOWA NR 7 IM. ADAMA MICKIEWICZA","JB","368246055     ","10","02","01","1","0","Rb28s_f19ead9d8c244255b24626fcde15bb4a","2023","Kwartal","2","926","92695","430","0","17300.00","17263.80","17263.80"
"250","SZKOŁA PODSTAWOWA NR 9 IM.WŁ.JAGIEŁŁY W KUTNIE","JB","001070630     ","10","02","01","1","0","Rb28s_5c7a5dcf591245ca9ca038c0baf213dd","2023","Kwartal","2","801","80101","302","0","17000.00","9300.00","9300.00"
"251","SZKOŁA PODSTAWOWA NR 9 IM.WŁ.JAGIEŁŁY W KUTNIE","JB","001070630     ","10","02","01","1","0","Rb28s_5c7a5dcf591245ca9ca038c0baf213dd","2023","Kwartal","2","801","80101","401","0","1105000.00","1105000.00","524407.03"
"252","SZKOŁA PODSTAWOWA NR 9 IM.WŁ.JAGIEŁŁY W KUTNIE","JB","001070630     ","10","02","01","1","0","Rb28s_5c7a5dcf591245ca9ca038c0baf213dd","2023","Kwartal","2","801","80101","404","0","77000.00","69096.75","69096.75"
"253","SZKOŁA PODSTAWOWA NR 9 IM.WŁ.JAGIEŁŁY W KUTNIE","JB","001070630     ","10","02","01","1","0","Rb28s_5c7a5dcf591245ca9ca038c0baf213dd","2023","Kwartal","2","801","80101","411","0","982069.00","982069.00","458025.84"
"254","SZKOŁA PODSTAWOWA NR 9 IM.WŁ.JAGIEŁŁY W KUTNIE","JB","001070630     ","10","02","01","1","0","Rb28s_5c7a5dcf591245ca9ca038c0baf213dd","2023","Kwartal","2","801","80101","412","0","132089.00","132089.00","43482.94"
"255","SZKOŁA PODSTAWOWA NR 9 IM.WŁ.JAGIEŁŁY W KUTNIE","JB","001070630     ","10","02","01","1","0","Rb28s_5c7a5dcf591245ca9ca038c0baf213dd","2023","Kwartal","2","801","80101","414","0","400.00","",""
"256","SZKOŁA PODSTAWOWA NR 9 IM.WŁ.JAGIEŁŁY W KUTNIE","JB","001070630     ","10","02","01","1","0","Rb28s_5c7a5dcf591245ca9ca038c0baf213dd","2023","Kwartal","2","801","80101","417","0","7000.00","7000.00",""
"257","SZKOŁA PODSTAWOWA NR 9 IM.WŁ.JAGIEŁŁY W KUTNIE","JB","001070630     ","10","02","01","1","0","Rb28s_5c7a5dcf591245ca9ca038c0baf213dd","2023","Kwartal","2","801","80101","421","0","112764.00","71146.91","71146.91"
"258","SZKOŁA PODSTAWOWA NR 9 IM.WŁ.JAGIEŁŁY W KUTNIE","JB","001070630     ","10","02","01","1","0","Rb28s_5c7a5dcf591245ca9ca038c0baf213dd","2023","Kwartal","2","801","80101","424","0","17200.00","6598.49","6598.49"
"259","SZKOŁA PODSTAWOWA NR 9 IM.WŁ.JAGIEŁŁY W KUTNIE","JB","001070630     ","10","02","01","1","0","Rb28s_5c7a5dcf591245ca9ca038c0baf213dd","2023","Kwartal","2","801","80101","426","0","480000.00","162786.34","162786.34"
"260","SZKOŁA PODSTAWOWA NR 9 IM.WŁ.JAGIEŁŁY W KUTNIE","JB","001070630     ","10","02","01","1","0","Rb28s_5c7a5dcf591245ca9ca038c0baf213dd","2023","Kwartal","2","801","80101","427","0","40000.00","24650.52","12346.56"
"261","SZKOŁA PODSTAWOWA NR 9 IM.WŁ.JAGIEŁŁY W KUTNIE","JB","001070630     ","10","02","01","1","0","Rb28s_5c7a5dcf591245ca9ca038c0baf213dd","2023","Kwartal","2","801","80101","428","0","4500.00","290.00","290.00"
"262","SZKOŁA PODSTAWOWA NR 9 IM.WŁ.JAGIEŁŁY W KUTNIE","JB","001070630     ","10","02","01","1","0","Rb28s_5c7a5dcf591245ca9ca038c0baf213dd","2023","Kwartal","2","801","80101","430","0","130000.00","85985.56","63916.36"
"263","SZKOŁA PODSTAWOWA NR 9 IM.WŁ.JAGIEŁŁY W KUTNIE","JB","001070630     ","10","02","01","1","0","Rb28s_5c7a5dcf591245ca9ca038c0baf213dd","2023","Kwartal","2","801","80101","436","0","12000.00","2622.14","2622.14"
"264","SZKOŁA PODSTAWOWA NR 9 IM.WŁ.JAGIEŁŁY W KUTNIE","JB","001070630     ","10","02","01","1","0","Rb28s_5c7a5dcf591245ca9ca038c0baf213dd","2023","Kwartal","2","801","80101","441","0","1200.00","172.50","172.50"
"265","SZKOŁA PODSTAWOWA NR 9 IM.WŁ.JAGIEŁŁY W KUTNIE","JB","001070630     ","10","02","01","1","0","Rb28s_5c7a5dcf591245ca9ca038c0baf213dd","2023","Kwartal","2","801","80101","444","0","350620.00","350620.00","262965.00"
"266","SZKOŁA PODSTAWOWA NR 9 IM.WŁ.JAGIEŁŁY W KUTNIE","JB","001070630     ","10","02","01","1","0","Rb28s_5c7a5dcf591245ca9ca038c0baf213dd","2023","Kwartal","2","801","80101","448","0","1000.00","319.00","319.00"
"267","SZKOŁA PODSTAWOWA NR 9 IM.WŁ.JAGIEŁŁY W KUTNIE","JB","001070630     ","10","02","01","1","0","Rb28s_5c7a5dcf591245ca9ca038c0baf213dd","2023","Kwartal","2","801","80101","453","0","5000.00","",""
"268","SZKOŁA PODSTAWOWA NR 9 IM.WŁ.JAGIEŁŁY W KUTNIE","JB","001070630     ","10","02","01","1","0","Rb28s_5c7a5dcf591245ca9ca038c0baf213dd","2023","Kwartal","2","801","80101","470","0","4300.00","1060.05","1060.05"
"269","SZKOŁA PODSTAWOWA NR 9 IM.WŁ.JAGIEŁŁY W KUTNIE","JB","001070630     ","10","02","01","1","0","Rb28s_5c7a5dcf591245ca9ca038c0baf213dd","2023","Kwartal","2","801","80101","471","0","20013.00","20013.00","2384.73"
"270","SZKOŁA PODSTAWOWA NR 9 IM.WŁ.JAGIEŁŁY W KUTNIE","JB","001070630     ","10","02","01","1","0","Rb28s_5c7a5dcf591245ca9ca038c0baf213dd","2023","Kwartal","2","801","80101","479","0","4348565.00","4348565.00","2099922.14"
"271","SZKOŁA PODSTAWOWA NR 9 IM.WŁ.JAGIEŁŁY W KUTNIE","JB","001070630     ","10","02","01","1","0","Rb28s_5c7a5dcf591245ca9ca038c0baf213dd","2023","Kwartal","2","801","80101","480","0","343000.00","328815.89","328815.89"
"272","SZKOŁA PODSTAWOWA NR 9 IM.WŁ.JAGIEŁŁY W KUTNIE","JB","001070630     ","10","02","01","1","0","Rb28s_5c7a5dcf591245ca9ca038c0baf213dd","2023","Kwartal","2","801","80107","411","0","50700.00","50700.00","32762.44"
"273","SZKOŁA PODSTAWOWA NR 9 IM.WŁ.JAGIEŁŁY W KUTNIE","JB","001070630     ","10","02","01","1","0","Rb28s_5c7a5dcf591245ca9ca038c0baf213dd","2023","Kwartal","2","801","80107","412","0","8200.00","8200.00","3126.94"
"274","SZKOŁA PODSTAWOWA NR 9 IM.WŁ.JAGIEŁŁY W KUTNIE","JB","001070630     ","10","02","01","1","0","Rb28s_5c7a5dcf591245ca9ca038c0baf213dd","2023","Kwartal","2","801","80107","444","0","16750.00","16750.00","12562.50"
"275","SZKOŁA PODSTAWOWA NR 9 IM.WŁ.JAGIEŁŁY W KUTNIE","JB","001070630     ","10","02","01","1","0","Rb28s_5c7a5dcf591245ca9ca038c0baf213dd","2023","Kwartal","2","801","80107","471","0","200.00","200.00",""
"276","SZKOŁA PODSTAWOWA NR 9 IM.WŁ.JAGIEŁŁY W KUTNIE","JB","001070630     ","10","02","01","1","0","Rb28s_5c7a5dcf591245ca9ca038c0baf213dd","2023","Kwartal","2","801","80107","479","0","304200.00","304200.00","165106.20"
"277","SZKOŁA PODSTAWOWA NR 9 IM.WŁ.JAGIEŁŁY W KUTNIE","JB","001070630     ","10","02","01","1","0","Rb28s_5c7a5dcf591245ca9ca038c0baf213dd","2023","Kwartal","2","801","80107","480","0","27000.00","23688.50","23688.50"
"278","SZKOŁA PODSTAWOWA NR 9 IM.WŁ.JAGIEŁŁY W KUTNIE","JB","001070630     ","10","02","01","1","0","Rb28s_5c7a5dcf591245ca9ca038c0baf213dd","2023","Kwartal","2","801","80146","430","0","9990.00","4879.20","4879.20"
"279","SZKOŁA PODSTAWOWA NR 9 IM.WŁ.JAGIEŁŁY W KUTNIE","JB","001070630     ","10","02","01","1","0","Rb28s_5c7a5dcf591245ca9ca038c0baf213dd","2023","Kwartal","2","801","80146","470","0","16650.00","6213.00","6213.00"
"280","SZKOŁA PODSTAWOWA NR 9 IM.WŁ.JAGIEŁŁY W KUTNIE","JB","001070630     ","10","02","01","1","0","Rb28s_5c7a5dcf591245ca9ca038c0baf213dd","2023","Kwartal","2","801","80148","302","0","1720.00","",""
"281","SZKOŁA PODSTAWOWA NR 9 IM.WŁ.JAGIEŁŁY W KUTNIE","JB","001070630     ","10","02","01","1","0","Rb28s_5c7a5dcf591245ca9ca038c0baf213dd","2023","Kwartal","2","801","80148","401","0","365000.00","365000.00","225801.41"
"282","SZKOŁA PODSTAWOWA NR 9 IM.WŁ.JAGIEŁŁY W KUTNIE","JB","001070630     ","10","02","01","1","0","Rb28s_5c7a5dcf591245ca9ca038c0baf213dd","2023","Kwartal","2","801","80148","404","0","27000.00","25089.81","25089.81"
"283","SZKOŁA PODSTAWOWA NR 9 IM.WŁ.JAGIEŁŁY W KUTNIE","JB","001070630     ","10","02","01","1","0","Rb28s_5c7a5dcf591245ca9ca038c0baf213dd","2023","Kwartal","2","801","80148","411","0","64700.00","64700.00","36459.26"
"284","SZKOŁA PODSTAWOWA NR 9 IM.WŁ.JAGIEŁŁY W KUTNIE","JB","001070630     ","10","02","01","1","0","Rb28s_5c7a5dcf591245ca9ca038c0baf213dd","2023","Kwartal","2","801","80148","412","0","10700.00","10700.00","2497.22"
"285","SZKOŁA PODSTAWOWA NR 9 IM.WŁ.JAGIEŁŁY W KUTNIE","JB","001070630     ","10","02","01","1","0","Rb28s_5c7a5dcf591245ca9ca038c0baf213dd","2023","Kwartal","2","801","80148","422","0","700000.00","391161.14","391161.14"
"286","SZKOŁA PODSTAWOWA NR 9 IM.WŁ.JAGIEŁŁY W KUTNIE","JB","001070630     ","10","02","01","1","0","Rb28s_5c7a5dcf591245ca9ca038c0baf213dd","2023","Kwartal","2","801","80148","428","0","800.00","",""
"287","SZKOŁA PODSTAWOWA NR 9 IM.WŁ.JAGIEŁŁY W KUTNIE","JB","001070630     ","10","02","01","1","0","Rb28s_5c7a5dcf591245ca9ca038c0baf213dd","2023","Kwartal","2","801","80148","430","0","6500.00","1056.24","1056.24"
"288","SZKOŁA PODSTAWOWA NR 9 IM.WŁ.JAGIEŁŁY W KUTNIE","JB","001070630     ","10","02","01","1","0","Rb28s_5c7a5dcf591245ca9ca038c0baf213dd","2023","Kwartal","2","801","80148","444","0","13310.00","13310.00","9982.50"
"289","SZKOŁA PODSTAWOWA NR 9 IM.WŁ.JAGIEŁŁY W KUTNIE","JB","001070630     ","10","02","01","1","0","Rb28s_5c7a5dcf591245ca9ca038c0baf213dd","2023","Kwartal","2","801","80148","471","0","1000.00","1000.00",""
"290","SZKOŁA PODSTAWOWA NR 9 IM.WŁ.JAGIEŁŁY W KUTNIE","JB","001070630     ","10","02","01","1","0","Rb28s_5c7a5dcf591245ca9ca038c0baf213dd","2023","Kwartal","2","801","80150","411","0","90000.00","90000.00","50264.02"
"291","SZKOŁA PODSTAWOWA NR 9 IM.WŁ.JAGIEŁŁY W KUTNIE","JB","001070630     ","10","02","01","1","0","Rb28s_5c7a5dcf591245ca9ca038c0baf213dd","2023","Kwartal","2","801","80150","412","0","13000.00","13000.00","7201.57"
"292","SZKOŁA PODSTAWOWA NR 9 IM.WŁ.JAGIEŁŁY W KUTNIE","JB","001070630     ","10","02","01","1","0","Rb28s_5c7a5dcf591245ca9ca038c0baf213dd","2023","Kwartal","2","801","80150","421","0","3200.00","838.11","838.11"
"293","SZKOŁA PODSTAWOWA NR 9 IM.WŁ.JAGIEŁŁY W KUTNIE","JB","001070630     ","10","02","01","1","0","Rb28s_5c7a5dcf591245ca9ca038c0baf213dd","2023","Kwartal","2","801","80150","424","0","4300.00","972.50","972.50"
"294","SZKOŁA PODSTAWOWA NR 9 IM.WŁ.JAGIEŁŁY W KUTNIE","JB","001070630     ","10","02","01","1","0","Rb28s_5c7a5dcf591245ca9ca038c0baf213dd","2023","Kwartal","2","801","80150","479","0","480000.00","480000.00","295837.65"
"295","SZKOŁA PODSTAWOWA NR 9 IM.WŁ.JAGIEŁŁY W KUTNIE","JB","001070630     ","10","02","01","1","0","Rb28s_5c7a5dcf591245ca9ca038c0baf213dd","2023","Kwartal","2","801","80150","480","0","47000.00","44744.33","44744.33"
"296","SZKOŁA PODSTAWOWA NR 9 IM.WŁ.JAGIEŁŁY W KUTNIE","JB","001070630     ","10","02","01","1","0","Rb28s_5c7a5dcf591245ca9ca038c0baf213dd","2023","Kwartal","2","854","85416","324","0","27032.00","27032.00","27032.00"
"297","SZKOŁA PODSTAWOWA NR 9 IM.WŁ.JAGIEŁŁY W KUTNIE","JB","001070630     ","10","02","01","1","0","Rb28s_5c7a5dcf591245ca9ca038c0baf213dd","2023","Kwartal","2","926","92601","302","0","2300.00","",""
"298","SZKOŁA PODSTAWOWA NR 9 IM.WŁ.JAGIEŁŁY W KUTNIE","JB","001070630     ","10","02","01","1","0","Rb28s_5c7a5dcf591245ca9ca038c0baf213dd","2023","Kwartal","2","926","92601","401","0","215000.00","215000.00","111053.07"
"299","SZKOŁA PODSTAWOWA NR 9 IM.WŁ.JAGIEŁŁY W KUTNIE","JB","001070630     ","10","02","01","1","0","Rb28s_5c7a5dcf591245ca9ca038c0baf213dd","2023","Kwartal","2","926","92601","404","0","20000.00","18877.56","18877.56"
"300","SZKOŁA PODSTAWOWA NR 9 IM.WŁ.JAGIEŁŁY W KUTNIE","JB","001070630     ","10","02","01","1","0","Rb28s_5c7a5dcf591245ca9ca038c0baf213dd","2023","Kwartal","2","926","92601","411","0","53800.00","53800.00","22596.32"
"301","SZKOŁA PODSTAWOWA NR 9 IM.WŁ.JAGIEŁŁY W KUTNIE","JB","001070630     ","10","02","01","1","0","Rb28s_5c7a5dcf591245ca9ca038c0baf213dd","2023","Kwartal","2","926","92601","412","0","7700.00","7700.00","3004.30"
"302","SZKOŁA PODSTAWOWA NR 9 IM.WŁ.JAGIEŁŁY W KUTNIE","JB","001070630     ","10","02","01","1","0","Rb28s_5c7a5dcf591245ca9ca038c0baf213dd","2023","Kwartal","2","926","92601","421","0","26400.00","",""
"303","SZKOŁA PODSTAWOWA NR 9 IM.WŁ.JAGIEŁŁY W KUTNIE","JB","001070630     ","10","02","01","1","0","Rb28s_5c7a5dcf591245ca9ca038c0baf213dd","2023","Kwartal","2","926","92601","426","0","710000.00","479556.60","479556.60"
"304","SZKOŁA PODSTAWOWA NR 9 IM.WŁ.JAGIEŁŁY W KUTNIE","JB","001070630     ","10","02","01","1","0","Rb28s_5c7a5dcf591245ca9ca038c0baf213dd","2023","Kwartal","2","926","92601","430","0","24200.00","2736.94","2736.94"
"305","SZKOŁA PODSTAWOWA NR 9 IM.WŁ.JAGIEŁŁY W KUTNIE","JB","001070630     ","10","02","01","1","0","Rb28s_5c7a5dcf591245ca9ca038c0baf213dd","2023","Kwartal","2","926","92601","444","0","8320.00","8320.00","6240.00"
"306","SZKOŁA PODSTAWOWA NR 9 IM.WŁ.JAGIEŁŁY W KUTNIE","JB","001070630     ","10","02","01","1","0","Rb28s_5c7a5dcf591245ca9ca038c0baf213dd","2023","Kwartal","2","926","92601","471","0","1000.00","1000.00",""
